ID;Gemeente_Code;Gemeente;Perioden;TotaleBevolking
1565;GM1680;Aa en Hunze;2021;25399
1592;GM0738;Aalburg;2021;
1619;GM0358;Aalsmeer;2021;31991
1646;GM0197;Aalten;2021;27120
1673;GM0480;Ter Aar;2021;
1700;GM0739;Aarle-Rixtel;2021;
1727;GM0305;Abcoude;2021;
1754;GM0059;Achtkarspelen;2021;27900
1781;GM0360;Akersloot;2021;
1808;GM0482;Alblasserdam;2021;20136
1835;GM0613;Albrandswaard;2021;25814
1862;GM0483;Alkemade;2021;
1889;GM0361;Alkmaar;2021;109896
1916;GM0141;Almelo;2021;73132
1943;GM0034;Almere;2021;214715
1970;GM0484;Alphen aan den Rijn;2021;112587
1997;GM0741;Alphen en Riel;2021;
2024;GM1723;Alphen-Chaam;2021;10373
2051;GM1959;Altena;2021;56352
2078;GM0142;Ambt Delden;2021;
2105;GM1679;Ambt Montfort;2021;
2132;GM0060;Ameland;2021;3746
2159;GM0306;Amerongen;2021;
2186;GM0307;Amersfoort;2021;157462
2213;GM0198;Ammerzoden;2021;
2240;GM0362;Amstelveen;2021;90829
2267;GM0363;Amsterdam;2021;873338
2294;GM0364;Andijk;2021;
2321;GM0199;Angerlo;2021;
2348;GM0105;Anloo;2021;
2375;GM0366;Anna Paulowna;2021;
2402;GM0200;Apeldoorn;2021;164781
2429;GM0003;Appingedam;2021;
2456;GM0885;Arcen en Velden;2021;
2483;GM0649;Arnemuiden;2021;
2510;GM0202;Arnhem;2021;162424
2537;GM0106;Assen;2021;68836
2564;GM0743;Asten;2021;16817
2591;GM0143;Avereest;2021;
2618;GM0650;Axel;2021;
2645;GM0744;Baarle-Nassau;2021;6899
2672;GM0308;Baarn;2021;24792
2699;GM0745;Bakel en Milheeze;2021;
2726;GM0489;Barendrecht;2021;48643
2753;GM0203;Barneveld;2021;59992
2780;GM0144;Bathmen;2021;
2807;GM0005;Bedum;2021;
2834;GM0888;Beek (L.);2021;15875
2861;GM0746;Beek en Donk;2021;
2888;GM1954;Beekdaelen;2021;36065
2915;GM0370;Beemster;2021;10110
2942;GM0889;Beesel;2021;13450
2969;GM0107;Beilen;2021;
2996;GM0890;Belfeld;2021;
3023;GM0007;Bellingwedde;2021;
3050;GM0206;Bemmel;2021;
3077;GM0372;Bennebroek;2021;
3104;GM1945;Berg en Dal;2021;35010
3131;GM0491;Bergambacht;2021;
3158;GM1724;Bergeijk;2021;18754
3185;GM0893;Bergen (L.);2021;13108
3212;GM0373;Bergen (NH.);2021;29715
3239;GM0748;Bergen op Zoom;2021;67514
3266;GM0749;Bergeyk;2021;
3293;GM0207;Bergh;2021;
3320;GM0492;Bergschenhoek;2021;
3347;GM0493;Berkel en Rodenrijs;2021;
3374;GM0751;Berkel-Enschot;2021;
3401;GM1859;Berkelland;2021;43846
3428;GM0752;Berlicum;2021;
3455;GM1721;Bernheze;2021;31455
3482;GM0568;Bernisse;2021;
3509;GM0753;Best;2021;30216
3536;GM0209;Beuningen;2021;26157
3563;GM0375;Beverwijk;2021;41863
3590;GM0063;het Bildt;2021;
3617;GM0310;De Bilt;2021;43384
3644;GM0585;Binnenmaas;2021;
3671;GM1728;Bladel;2021;20529
3698;GM0754;Bladel en Netersel;2021;
3725;GM0376;Blaricum;2021;11954
3752;GM0495;Bleiswijk;2021;
3779;GM0377;Bloemendaal;2021;23478
3806;GM0055;Boarnsterhim;2021;
3833;GM0497;Bodegraven;2021;
3860;GM1901;Bodegraven-Reeuwijk;2021;35278
3887;GM0755;Boekel;2021;10959
3914;GM0009;Ten Boer;2021;
3941;GM0064;Bolsward;2021;
3968;GM0211;Borculo;2021;
3995;GM0108;Borger;2021;
4022;GM1681;Borger-Odoorn;2021;25598
4049;GM0897;Born;2021;
4076;GM0147;Borne;2021;23668
4103;GM0654;Borsele;2021;22818
4130;GM0499;Boskoop;2021;
4157;GM0756;Boxmeer;2021;29609
4184;GM0757;Boxtel;2021;32973
4211;GM0212;Brakel;2021;
4238;GM0758;Breda;2021;184126
4265;GM0194;Brederwiede;2021;
4292;GM0311;Breukelen;2021;
4319;GM0501;Brielle;2021;17439
4346;GM0898;Broekhuizen;2021;
4373;GM1876;Bronckhorst;2021;36087
4400;GM0656;Brouwershaven;2021;
4427;GM0657;Bruinisse;2021;
4454;GM0213;Brummen;2021;20884
4481;GM0899;Brunssum;2021;27670
4508;GM0759;Budel;2021;
4535;GM0312;Bunnik;2021;15341
4562;GM0313;Bunschoten;2021;22019
4589;GM0214;Buren;2021;27009
4616;GM0381;Bussum;2021;
4643;GM0502;Capelle aan den IJssel;2021;67319
4670;GM0383;Castricum;2021;36086
4697;GM0760;Chaam;2021;
4724;GM0109;Coevorden;2021;35317
4751;GM0314;Cothen;2021;
4778;GM1706;Cranendonck;2021;21001
4805;GM0611;Cromstrijen;2021;
4832;GM1684;Cuijk;2021;25404
4859;GM0216;Culemborg;2021;29121
4886;GM0110;Dalen;2021;
4913;GM0148;Dalfsen;2021;28901
4940;GM0065;Dantumadeel;2021;
4967;GM1891;Dantumadiel;2021;18943
4994;GM0503;Delft;2021;103581
5021;GM0010;Delfzijl;2021;
5048;GM0149;Denekamp;2021;
5075;GM0762;Deurne;2021;32437
5102;GM0150;Deventer;2021;101236
5129;GM0218;Didam;2021;
5156;GM0384;Diemen;2021;31334
5183;GM0151;Diepenheim;2021;
5210;GM0152;Diepenveen;2021;
5237;GM0763;Diessen;2021;
5264;GM0111;Diever;2021;
5291;GM1774;Dinkelland;2021;26606
5318;GM0764;Dinteloord en Prinsenland;2021;
5345;GM0219;Dinxperlo;2021;
5372;GM0504;Dirksland;2021;
5399;GM0220;Dodewaard;2021;
5426;GM0221;Doesburg;2021;11064
5453;GM0222;Doetinchem;2021;58270
5480;GM0660;Domburg;2021;
5507;GM0766;Dongen;2021;26368
5534;GM0058;Dongeradeel;2021;
5561;GM0315;Doorn;2021;
5588;GM0505;Dordrecht;2021;119115
5615;GM0498;Drechterland;2021;19838
5642;GM0316;Driebergen-Rijsenburg;2021;
5669;GM1719;Drimmelen;2021;27325
5696;GM0303;Dronten;2021;42011
5723;GM0767;Drunen;2021;
5750;GM0225;Druten;2021;18991
5777;GM0662;Duiveland;2021;
5804;GM0226;Duiven;2021;25066
5831;GM0768;Den Dungen;2021;
5858;GM0769;Dussen;2021;
5885;GM0112;Dwingeloo;2021;
5912;GM0902;Echt;2021;
5939;GM0227;Echteld;2021;
5966;GM1711;Echt-Susteren;2021;31751
5993;GM0385;Edam-Volendam;2021;36268
6020;GM0228;Ede;2021;118530
6047;GM0113;Eelde;2021;
6074;GM0317;Eemnes;2021;9362
6101;GM1979;Eemsdelta;2021;45587
6128;GM1651;Eemsmond;2021;
6155;GM0770;Eersel;2021;19528
6182;GM0357;Egmond;2021;
6209;GM0229;Eibergen;2021;
6236;GM0905;Eijsden;2021;
6263;GM1903;Eijsden-Margraten;2021;25900
6290;GM0772;Eindhoven;2021;235691
6317;GM0230;Elburg;2021;23429
6344;GM0231;Elst;2021;
6371;GM0114;Emmen;2021;107024
6398;GM0388;Enkhuizen;2021;18637
6425;GM0153;Enschede;2021;159732
6452;GM0232;Epe;2021;33198
6479;GM0233;Ermelo;2021;27016
6506;GM0776;Esch;2021;
6533;GM0777;Etten-Leur;2021;43869
6560;GM0068;Ferwerderadeel;2021;
6587;GM1722;Ferwerderadiel;2021;
6614;GM0778;Fijnaart en Heijningen;2021;
6641;GM0070;Franekeradeel;2021;
6668;GM1921;De Friese Meren;2021;
6695;GM1940;De Fryske Marren;2021;51778
6722;GM0653;Gaasterlân-Sleat;2021;
6749;GM0115;Gasselte;2021;
6776;GM0779;Geertruidenberg;2021;21770
6803;GM0236;Geldermalsen;2021;
6830;GM0781;Geldrop;2021;
6857;GM1771;Geldrop-Mierlo;2021;40066
6884;GM0906;Geleen;2021;
6911;GM0782;Gemert;2021;
6938;GM1652;Gemert-Bakel;2021;30760
6965;GM0237;Gendringen;2021;
6992;GM0238;Gendt;2021;
7019;GM0154;Genemuiden;2021;
7046;GM0907;Gennep;2021;17035
7073;GM0689;Giessenlanden;2021;
7100;GM0116;Gieten;2021;
7127;GM0784;Gilze en Rijen;2021;26723
7154;GM0511;Goedereede;2021;
7181;GM1924;Goeree-Overflakkee;2021;50589
7208;GM0664;Goes;2021;38594
7235;GM0785;Goirle;2021;23952
7262;GM1942;Gooise Meren;2021;58524
7289;GM0156;Goor;2021;
7316;GM0512;Gorinchem;2021;37410
7343;GM0239;Gorssel;2021;
7370;GM0513;Gouda;2021;73681
7397;GM0693;Graafstroom;2021;
7424;GM0365;Graft-De Rijp;2021;
7451;GM0157;Gramsbergen;2021;
7478;GM0786;Grave;2021;12486
7505;GM0390;'s-Graveland;2021;
7532;GM0517;'s-Gravendeel;2021;
7559;GM0518;'s-Gravenhage (gemeente);2021;548320
7586;GM0787;'s-Gravenmoer;2021;
7613;GM0519;'s-Gravenzande;2021;
7640;GM0240;Groenlo;2021;
7667;GM0241;Groesbeek;2021;
7694;GM0014;Groningen (gemeente);2021;233273
7721;GM0015;Grootegast;2021;
7748;GM0912;Grubbenvorst;2021;
7775;GM0913;Gulpen;2021;
7802;GM1729;Gulpen-Wittem;2021;14206
7829;GM0158;Haaksbergen;2021;24229
7856;GM0788;Haaren;2021;
7883;GM0392;Haarlem;2021;162543
7910;GM0393;Haarlemmerliede en Spaarnwoude;2021;
7937;GM0394;Haarlemmermeer;2021;157789
7964;GM0914;Haelen;2021;
7991;GM1655;Halderberge;2021;30430
8018;GM0789;Halsteren;2021;
8045;GM0159;Den Ham;2021;
8072;GM0160;Hardenberg;2021;61357
8099;GM0243;Harderwijk;2021;48726
8126;GM0523;Hardinxveld-Giessendam;2021;18413
8153;GM0017;Haren;2021;
8180;GM0395;Harenkarspel;2021;
8207;GM0072;Harlingen;2021;15807
8234;GM0318;Harmelen;2021;
8261;GM0161;Hasselt;2021;
8288;GM0244;Hattem;2021;12228
8315;GM0117;Havelte;2021;
8342;GM0245;Hedel;2021;
8369;GM1937;Heel;2021;
8396;GM0396;Heemskerk;2021;39191
8423;GM0397;Heemstede;2021;27545
8450;GM0246;Heerde;2021;18776
8477;GM0074;Heerenveen;2021;50650
8504;GM0247;Heerewaarden;2021;
8531;GM0398;Heerhugowaard;2021;58387
8558;GM0526;Heerjansdam;2021;
8585;GM0917;Heerlen;2021;86936
8612;GM0791;Heesch;2021;
8639;GM0793;Heeze;2021;
8666;GM1658;Heeze-Leende;2021;16243
8693;GM0399;Heiloo;2021;24144
8720;GM0162;Heino;2021;
8747;GM0918;Helden;2021;
8774;GM0400;Den Helder;2021;56582
8801;GM0163;Hellendoorn;2021;35932
8828;GM0530;Hellevoetsluis;2021;40312
8855;GM0794;Helmond;2021;92627
8882;GM0795;Helvoirt;2021;
8909;GM0531;Hendrik-Ido-Ambacht;2021;31258
8936;GM0248;Hengelo (Gld.);2021;
8963;GM0164;Hengelo (O.);2021;81049
8990;GM0796;'s-Hertogenbosch;2021;155490
9017;GM0251;Heteren;2021;
9044;GM0252;Heumen;2021;16569
9071;GM0797;Heusden;2021;45005
9098;GM0920;Heythuysen;2021;
9125;GM0534;Hillegom;2021;22197
9152;GM0798;Hilvarenbeek;2021;15698
9179;GM0402;Hilversum;2021;91235
9206;GM1963;Hoeksche Waard;2021;88047
9233;GM0253;Hoevelaken;2021;
9260;GM0799;Hoeven;2021;
9287;GM1735;Hof van Twente;2021;35040
9314;GM1966;Het Hogeland;2021;47834
9341;GM1911;Hollands Kroon;2021;48583
9368;GM0165;Holten;2021;
9395;GM0675;Hontenisse;2021;
9422;GM0801;Hooge en Lage Mierde;2021;
9449;GM0802;Hooge en Lage Zwaluwe;2021;
9476;GM0800;Hoogeloon, Hapert en Casteren;2021;
9503;GM0118;Hoogeveen;2021;55603
9530;GM0018;Hoogezand-Sappemeer;2021;
9557;GM0405;Hoorn;2021;73619
9584;GM0923;Horst;2021;
9611;GM1507;Horst aan de Maas;2021;42487
9638;GM0321;Houten;2021;50223
9665;GM0803;Huijbergen;2021;
9692;GM0255;Huissen;2021;
9719;GM0406;Huizen;2021;41090
9746;GM0677;Hulst;2021;27575
9773;GM0256;Hummelo en Keppel;2021;
9800;GM0925;Hunsel;2021;
9827;GM0195;IJsselham;2021;
9854;GM0191;IJsselmuiden;2021;
9881;GM0353;IJsselstein;2021;33819
9908;GM0645;Jacobswoude;2021;
9935;GM1884;Kaag en Braassem;2021;27541
9962;GM0166;Kampen;2021;54474
9989;GM0678;Kapelle;2021;12882
10016;GM0537;Katwijk;2021;65995
10043;GM0928;Kerkrade;2021;45442
10070;GM0257;Kerkwijk;2021;
10097;GM0929;Kessel;2021;
10124;GM0258;Kesteren;2021;
10151;GM0804;Klundert;2021;
10178;GM1598;Koggenland;2021;22940
10205;GM0079;Kollumerland en Nieuwkruisland;2021;
10232;GM0588;Korendijk;2021;
10259;GM0542;Krimpen aan den IJssel;2021;29410
10286;GM1931;Krimpenerwaard;2021;56622
10313;GM1659;Laarbeek;2021;22805
10340;GM1685;Landerd;2021;15817
10367;GM0882;Landgraaf;2021;37262
10394;GM0415;Landsmeer;2021;11565
10421;GM0325;Langbroek;2021;
10448;GM0416;Langedijk;2021;28335
10475;GM1621;Lansingerland;2021;63363
10502;GM0417;Laren (NH.);2021;11398
10529;GM0022;Leek;2021;
10556;GM0805;Leende;2021;
10583;GM0545;Leerdam;2021;
10610;GM0326;Leersum;2021;
10637;GM0080;Leeuwarden;2021;124481
10664;GM0081;Leeuwarderadeel;2021;
10691;GM0546;Leiden;2021;124093
10718;GM0547;Leiderdorp;2021;27377
10745;GM0548;Leidschendam;2021;
10772;GM1916;Leidschendam-Voorburg;2021;76433
10799;GM0995;Lelystad;2021;79811
10826;GM0082;Lemsterland;2021;
10853;GM1640;Leudal;2021;36045
10880;GM0327;Leusden;2021;30544
10907;GM0260;Lichtenvoorde;2021;
10934;GM1673;Liemeer;2021;
10961;GM0806;Liempde;2021;
10988;GM0261;Lienden;2021;
11015;GM0552;De Lier;2021;
11042;GM0807;Lieshout;2021;
11069;GM0694;Liesveld;2021;
11096;GM0418;Limmen;2021;
11123;GM0733;Lingewaal;2021;
11150;GM1705;Lingewaard;2021;46822
11177;GM0553;Lisse;2021;22982
11204;GM0808;Lith;2021;
11231;GM0140;Littenseradiel;2021;
11258;GM0262;Lochem;2021;33948
11285;GM0329;Loenen;2021;
11312;GM0809;Loon op Zand;2021;23504
11339;GM0330;Loosdrecht;2021;
11366;GM0331;Lopik;2021;14456
11393;GM0024;Loppersum;2021;
11420;GM0168;Losser;2021;22888
11447;GM0810;Luyksgestel;2021;
11474;GM0811;Maarheeze;2021;
11501;GM0332;Maarn;2021;
11528;GM0333;Maarssen;2021;
11555;GM0334;Maartensdijk;2021;
11582;GM0933;Maasbracht;2021;
11609;GM0934;Maasbree;2021;
11636;GM1671;Maasdonk;2021;
11663;GM0263;Maasdriel;2021;25452
11690;GM1641;Maasgouw;2021;23947
11717;GM0555;Maasland;2021;
11744;GM0556;Maassluis;2021;33567
11771;GM0935;Maastricht;2021;120227
11798;GM1665;Made;2021;
11825;GM0812;Made en Drimmelen;2021;
11852;GM0936;Margraten;2021;
11879;GM0686;Mariekerke;2021;
11906;GM0169;Markelo;2021;
11933;GM1663;De Marne;2021;
11960;GM0025;Marum;2021;
11987;GM0264;Maurik;2021;
12014;GM0420;Medemblik;2021;45165
12041;GM0993;Meerlo-Wanssum;2021;
12068;GM0938;Meerssen;2021;18661
12095;GM1948;Meierijstad;2021;81647
12122;GM0941;Meijel;2021;
12149;GM0083;Menaldumadeel;2021;
12176;GM1908;Menameradiel;2021;
12203;GM1987;Menterwolde;2021;
12230;GM0119;Meppel;2021;34386
12257;GM0687;Middelburg (Z.);2021;48964
12284;GM0559;Middelharnis;2021;
12311;GM1842;Midden-Delfland;2021;19414
12338;GM1731;Midden-Drenthe;2021;33381
12365;GM1952;Midden-Groningen;2021;60726
12392;GM0688;Middenschouwen;2021;
12419;GM1697;Middenveld;2021;
12446;GM0814;Mierlo;2021;
12473;GM0815;Mill en Sint Hubert;2021;11004
12500;GM0265;Millingen aan de Rijn;2021;
12527;GM1709;Moerdijk;2021;37185
12554;GM0816;Moergestel;2021;
12581;GM1978;Molenlanden;2021;44130
12608;GM1927;Molenwaard;2021;
12635;GM0562;Monster;2021;
12662;GM1955;Montferland;2021;36031
12689;GM0335;Montfoort;2021;13896
12716;GM0944;Mook en Middelaar;2021;7909
12743;GM0563;Moordrecht;2021;
12770;GM0424;Muiden;2021;
12797;GM0565;Naaldwijk;2021;
12824;GM0425;Naarden;2021;
12851;GM1740;Neder-Betuwe;2021;24648
12878;GM0426;Nederhorst den Berg;2021;
12905;GM0643;Nederlek;2021;
12932;GM0946;Nederweert;2021;17171
12959;GM0266;Neede;2021;
12986;GM0304;Neerijnen;2021;
13013;GM0412;Niedorp;2021;
13040;GM0356;Nieuwegein;2021;63866
13067;GM0567;Nieuwerkerk aan den IJssel;2021;
13094;GM0817;Nieuw-Ginneken;2021;
13121;GM0569;Nieuwkoop;2021;29151
13148;GM0571;Nieuw-Lekkerland;2021;
13175;GM0170;Nieuwleusen;2021;
13202;GM0818;Nieuw-Vossemeer;2021;
13229;GM0104;Nijefurd;2021;
13256;GM0121;Nijeveen;2021;
13283;GM0267;Nijkerk;2021;43600
13310;GM0268;Nijmegen;2021;177359
13337;GM1930;Nissewaard;2021;85440
13364;GM1970;Noardeast-Fryslân;2021;45481
13391;GM1695;Noord-Beveland;2021;7581
13418;GM1699;Noordenveld;2021;31214
13445;GM0529;Noorder-Koggenland;2021;
13472;GM0171;Noordoostpolder;2021;47583
13499;GM0575;Noordwijk;2021;44062
13526;GM0576;Noordwijkerhout;2021;
13553;GM0577;Nootdorp;2021;
13580;GM0120;Norg;2021;
13607;GM0820;Nuenen, Gerwen en Nederwetten;2021;23702
13634;GM0302;Nunspeet;2021;28021
13661;GM0951;Nuth;2021;
13688;GM0429;Obdam;2021;
13715;GM0122;Odoorn;2021;
13742;GM0579;Oegstgeest;2021;25064
13769;GM0823;Oirschot;2021;18842
13796;GM0824;Oisterwijk;2021;32373
13823;GM1895;Oldambt;2021;38277
13850;GM0269;Oldebroek;2021;23760
13877;GM0173;Oldenzaal;2021;31701
13904;GM0174;Olst;2021;
13931;GM1773;Olst-Wijhe;2021;18361
13958;GM0175;Ommen;2021;18295
13985;GM0881;Onderbanken;2021;
14012;GM1586;Oost Gelre;2021;29574
14039;GM0825;Oost-, West- en Middelbeers;2021;
14066;GM0692;Oostburg;2021;
14093;GM0123;Oosterhesselen;2021;
14120;GM0826;Oosterhout;2021;56206
14147;GM0580;Oostflakkee;2021;
14174;GM0085;Ooststellingwerf;2021;25464
14201;GM0431;Oostzaan;2021;9689
14228;GM0176;Ootmarsum;2021;
14255;GM0432;Opmeer;2021;12009
14282;GM0086;Opsterland;2021;29812
14309;GM0828;Oss;2021;92526
14336;GM0829;Ossendrecht;2021;
14363;GM0831;Oud en Nieuw Gastel;2021;
14390;GM0584;Oud-Beijerland;2021;
14417;GM1509;Oude IJsselstreek;2021;39346
14444;GM0830;Oudenbosch;2021;
14471;GM0437;Ouder-Amstel;2021;14125
14498;GM0644;Ouderkerk;2021;
14525;GM0589;Oudewater;2021;10138
14552;GM1734;Overbetuwe;2021;48214
14579;GM0590;Papendrecht;2021;32171
14606;GM1894;Peel en Maas;2021;43660
14633;GM0124;Peize;2021;
14660;GM0765;Pekela;2021;12176
14687;GM0594;Pijnacker;2021;
14714;GM1926;Pijnacker-Nootdorp;2021;55674
14741;GM0832;Prinsenbeek;2021;
14768;GM0439;Purmerend;2021;81683
14795;GM0833;Putte;2021;
14822;GM0273;Putten;2021;24365
14849;GM0177;Raalte;2021;37911
14876;GM0834;Raamsdonk;2021;
14903;GM0835;Ravenstein;2021;
14930;GM0595;Reeuwijk;2021;
14957;GM1661;Reiderland;2021;
14984;GM0703;Reimerswaal;2021;22896
15011;GM0274;Renkum;2021;31417
15038;GM0339;Renswoude;2021;5556
15065;GM0836;Reusel;2021;
15092;GM1667;Reusel-De Mierden;2021;13127
15119;GM0275;Rheden;2021;43525
15146;GM0340;Rhenen;2021;20203
15173;GM0597;Ridderkerk;2021;46671
15200;GM0837;Riethoven;2021;
15227;GM0602;Rijnsburg;2021;
15254;GM0196;Rijnwaarden;2021;
15281;GM1672;Rijnwoude;2021;
15308;GM0841;Rijsbergen;2021;
15335;GM0178;Rijssen;2021;
15362;GM1742;Rijssen-Holten;2021;38204
15389;GM0603;Rijswijk (ZH.);2021;55220
15416;GM0125;Roden;2021;
15443;GM1669;Roerdalen;2021;20580
15470;GM0957;Roermond;2021;58763
15497;GM1670;Roggel en Neer;2021;
15524;GM0126;Rolde;2021;
15551;GM0736;De Ronde Venen;2021;44720
15578;GM1674;Roosendaal;2021;77200
15605;GM0838;Roosendaal en Nispen;2021;
15632;GM0839;Rosmalen;2021;
15659;GM0276;Rossum;2021;
15686;GM0599;Rotterdam;2021;651631
15713;GM0600;Rozenburg;2021;
15740;GM0277;Rozendaal;2021;1726
15767;GM0840;Rucphen;2021;23080
15794;GM0127;Ruinen;2021;
15821;GM0128;Ruinerwold;2021;
15848;GM0278;Ruurlo;2021;
15875;GM0704;Sas van Gent;2021;
15902;GM0604;Sassenheim;2021;
15929;GM0441;Schagen;2021;46532
15956;GM0039;Scheemda;2021;
15983;GM0458;Schermer;2021;
16010;GM0279;Scherpenzeel;2021;10128
16037;GM0606;Schiedam;2021;79279
16064;GM0088;Schiermonnikoog;2021;931
16091;GM0844;Schijndel;2021;
16118;GM0962;Schinnen;2021;
16145;GM0607;Schipluiden;2021;
16172;GM0129;Schoonebeek;2021;
16199;GM0608;Schoonhoven;2021;
16226;GM0444;Schoorl;2021;
16253;GM1676;Schouwen-Duiveland;2021;34065
16280;GM0964;Sevenum;2021;
16307;GM0965;Simpelveld;2021;10477
16334;GM1702;Sint Anthonis;2021;11691
16361;GM0845;Sint-Michielsgestel;2021;29498
16388;GM0846;Sint-Oedenrode;2021;
16415;GM0968;Sittard;2021;
16442;GM1883;Sittard-Geleen;2021;91743
16469;GM0051;Skarsterlân;2021;
16496;GM0130;Sleen;2021;
16523;GM0610;Sliedrecht;2021;25597
16550;GM0040;Slochteren;2021;
16577;GM1714;Sluis;2021;23166
16604;GM1698;Sluis-Aardenburg;2021;
16631;GM0090;Smallingerland;2021;56040
16658;GM0131;Smilde;2021;
16685;GM0091;Sneek;2021;
16712;GM0342;Soest;2021;46906
16739;GM0847;Someren;2021;19428
16766;GM0848;Son en Breugel;2021;17552
16793;GM0612;Spijkenisse;2021;
16820;GM0849;Sprang-Capelle;2021;
16847;GM1691;St. Anthonis;2021;
16874;GM0179;Stad Delden;2021;
16901;GM0037;Stadskanaal;2021;31754
16928;GM0850;Standdaarbuiten;2021;
16955;GM0180;Staphorst;2021;17261
16982;GM0532;Stede Broec;2021;21743
17009;GM0851;Steenbergen;2021;24310
17036;GM0280;Steenderen;2021;
17063;GM0181;Steenwijk;2021;
17090;GM1708;Steenwijkerland;2021;44341
17117;GM0971;Stein (L.);2021;24875
17144;GM1904;Stichtse Vecht;2021;65108
17171;GM0973;Stramproy;2021;
17198;GM0617;Strijen;2021;
17225;GM1900;Súdwest-Fryslân;2021;89999
17252;GM0974;Susteren;2021;
17279;GM0975;Swalmen;2021;
17306;GM0976;Tegelen;2021;
17333;GM0853;Terheijden;2021;
17360;GM0715;Terneuzen;2021;54463
17387;GM0093;Terschelling;2021;4870
17414;GM0854;Teteringen;2021;
17441;GM0448;Texel;2021;13656
17468;GM1525;Teylingen;2021;37791
17495;GM0716;Tholen;2021;26085
17522;GM0977;Thorn;2021;
17549;GM0281;Tiel;2021;41920
17576;GM0855;Tilburg;2021;221947
17603;GM0183;Tubbergen;2021;21315
17630;GM1700;Twenterand;2021;33699
17657;GM1730;Tynaarlo;2021;33978
17684;GM0737;Tytsjerksteradiel;2021;32060
17711;GM0282;Ubbergen;2021;
17738;GM0856;Uden;2021;42291
17765;GM0857;Udenhout;2021;
17792;GM0450;Uitgeest;2021;13632
17819;GM0451;Uithoorn;2021;30206
17846;GM0184;Urk;2021;21227
17873;GM0344;Utrecht (gemeente);2021;359370
17900;GM1581;Utrechtse Heuvelrug;2021;49946
17927;GM0981;Vaals;2021;10084
17954;GM0283;Valburg;2021;
17981;GM0619;Valkenburg (ZH.);2021;
18008;GM0994;Valkenburg aan de Geul;2021;16365
18035;GM0720;Valkenisse;2021;
18062;GM0858;Valkenswaard;2021;31221
18089;GM0047;Veendam;2021;27417
18116;GM0345;Veenendaal;2021;66912
18143;GM0717;Veere;2021;21953
18170;GM0860;Veghel;2021;
18197;GM0861;Veldhoven;2021;45500
18224;GM0453;Velsen;2021;68617
18251;GM0454;Venhuizen;2021;
18278;GM0983;Venlo;2021;101988
18305;GM0984;Venray;2021;43713
18332;GM0862;Vessem, Wintelre en Knegsel;2021;
18359;GM0620;Vianen;2021;
18386;GM0863;Vierlingsbeek;2021;
18413;GM1961;Vijfheerenlanden;2021;57829
18440;GM0622;Vlaardingen;2021;73924
18467;GM0048;Vlagtwedde;2021;
18494;GM0132;Vledder;2021;
18521;GM0347;Vleuten-De Meern;2021;
18548;GM0096;Vlieland;2021;1194
18575;GM0864;Vlijmen;2021;
18602;GM0718;Vlissingen;2021;44358
18629;GM0623;Vlist;2021;
18656;GM0986;Voerendaal;2021;12466
18683;GM0624;Voorburg;2021;
18710;GM0625;Voorhout;2021;
18737;GM0626;Voorschoten;2021;25650
18764;GM0285;Voorst;2021;24790
18791;GM0286;Vorden;2021;
18818;GM0133;Vries;2021;
18845;GM0186;Vriezenveen;2021;
18872;GM0865;Vught;2021;31669
18899;GM1949;Waadhoeke;2021;46149
18926;GM0866;Waalre;2021;17544
18953;GM0867;Waalwijk;2021;48815
18980;GM0627;Waddinxveen;2021;30479
19007;GM0289;Wageningen;2021;39635
19034;GM0628;Warmond;2021;
19061;GM0291;Warnsveld;2021;
19088;GM0869;Waspik;2021;
19115;GM0629;Wassenaar;2021;26949
19142;GM0630;Wateringen;2021;
19169;GM0852;Waterland;2021;17312
19196;GM0188;Weerselo;2021;
19223;GM0988;Weert;2021;50011
19250;GM0457;Weesp;2021;20445
19277;GM0292;Wehl;2021;
19304;GM0870;Werkendam;2021;
19331;GM0459;Wervershoof;2021;
19358;GM1960;West Betuwe;2021;51496
19385;GM0668;West Maas en Waal;2021;19581
19412;GM0134;Westerbork;2021;
19439;GM0871;Westerhoven;2021;
19466;GM0558;Wester-Koggenland;2021;
19493;GM1969;Westerkwartier;2021;63678
19520;GM0725;Westerschouwen;2021;
19547;GM1701;Westerveld;2021;19661
19574;GM0293;Westervoort;2021;15014
19601;GM1950;Westerwolde;2021;26215
19628;GM0726;Westkapelle;2021;
19655;GM1783;Westland;2021;111382
19682;GM0098;Weststellingwerf;2021;26130
19709;GM0614;Westvoorne;2021;14900
19736;GM0189;Wierden;2021;24538
19763;GM0462;Wieringen;2021;
19790;GM0463;Wieringermeer;2021;
19817;GM0296;Wijchen;2021;41261
19844;GM1696;Wijdemeren;2021;24463
19871;GM0190;Wijhe;2021;
19898;GM0135;De Wijk;2021;
19925;GM0352;Wijk bij Duurstede;2021;23925
19952;GM0872;Willemstad;2021;
19979;GM0052;Winschoten;2021;
20006;GM0053;Winsum;2021;
20033;GM0294;Winterswijk;2021;29022
20060;GM0295;Wisch;2021;
20087;GM0990;Wittem;2021;
20114;GM0873;Woensdrecht;2021;22028
20141;GM0632;Woerden;2021;52694
20168;GM0466;Wognum;2021;
20195;GM1690;De Wolden;2021;24374
20222;GM0880;Wormerland;2021;16333
20249;GM0351;Woudenberg;2021;13639
20276;GM0874;Woudrichem;2021;
20303;GM0875;Wouw;2021;
20330;GM0710;Wûnseradiel;2021;
20357;GM0683;Wymbritseradiel;2021;
20384;GM0479;Zaanstad;2021;156901
20411;GM0297;Zaltbommel;2021;29447
20438;GM0473;Zandvoort;2021;17168
20465;GM0707;Zederik;2021;
20492;GM0478;Zeevang;2021;
20519;GM0050;Zeewolde;2021;22879
20546;GM0355;Zeist;2021;65043
20573;GM0298;Zelhem;2021;
20600;GM0299;Zevenaar;2021;44096
20627;GM0878;Zevenbergen;2021;
20654;GM1666;Zevenhuizen-Moerkapelle;2021;
20681;GM0732;Zierikzee;2021;
20708;GM0476;Zijpe;2021;
20735;GM0637;Zoetermeer;2021;125267
20762;GM0638;Zoeterwoude;2021;8843
20789;GM0056;Zuidhorn;2021;
20816;GM0136;Zuidlaren;2021;
20843;GM1892;Zuidplas;2021;45064
20870;GM0137;Zuidwolde;2021;
20897;GM0879;Zundert;2021;21988
20924;GM0301;Zutphen;2021;48111
20951;GM1896;Zwartewaterland;2021;22823
20978;GM0192;Zwartsluis;2021;
21005;GM0138;Zweeloo;2021;
21032;GM0642;Zwijndrecht;2021;44775
21059;GM0193;Zwolle;2021;129840
